<?xml version="1.0" encoding="UTF-8" ?>
<!DOCTYPE log4j:configuration SYSTEM "log4j.dtd">

<log4j:configuration xmlns:log4j="http://jakarta.apache.org/log4j/">

	<appender name="console" class="org.apache.log4j.ConsoleAppender">
	  <layout class="org.apache.log4j.PatternLayout">
	    <param name="ConversionPattern" value="%d{HH:mm:ss} [%t] %m%n"/> 
	  </layout>   
	</appender> 
	
	<appender name="aconsole" class="org.apache.log4j.AsyncAppender"> 
      <param name="BufferSize" value="500" />
      <param name="Blocking" value="true" />
      <appender-ref ref="console" /> 
    </appender>

	<appender name="fileMAIN" class="org.apache.log4j.RollingFileAppender">
	 <param name="file" value="PDFPack.log"/>
     <param name="MaxFileSize" value="10MB"/>
     <param name="MaxBackupIndex" value="100"/>
	  <layout class="org.apache.log4j.PatternLayout">
	    <param name="ConversionPattern" value="%d [%t] %-5p %c - %m%n"/> 
	  </layout>   
	</appender> 

	<appender name="afileMAIN" class="org.apache.log4j.AsyncAppender"> 
      <param name="BufferSize" value="500" />
      <param name="Blocking" value="true" />
      <appender-ref ref="fileMAIN" /> 
    </appender>

	<appender name="filePDFBOX" class="org.apache.log4j.RollingFileAppender">
	 <param name="file" value="PDFBox.log"/>
     <param name="MaxFileSize" value="10MB"/>
     <param name="MaxBackupIndex" value="100"/>
	  <layout class="org.apache.log4j.PatternLayout">
	    <param name="ConversionPattern" value="%d [%t] %-5p %c - %m%n"/> 
	  </layout>   
	</appender> 

	<appender name="afilePDFBOX" class="org.apache.log4j.AsyncAppender"> 
      <param name="BufferSize" value="500" />
      <param name="Blocking" value="true" />
      <appender-ref ref="fileMAIN" /> 
    </appender>

  <logger name="org.apache.pdfbox" additivity="false">
   <level value="info" />
   <appender-ref ref="filePDFBOX" />
  </logger>

	
  <logger name="java.sql" additivity="false">
   <level value="error" />
   <appender-ref ref="fileMAIN" />
  </logger>


  <logger name="pdfpack" additivity="false">
   <level value="debug" />
   <appender-ref ref="afileMAIN" />
   <appender-ref ref="aconsole" />
  </logger>

   <root> 
    <priority value ="info" /> 
    <appender-ref ref="console" />
    <appender-ref ref="afileMAIN" /> 
  </root>
  
</log4j:configuration>